,carrier,sentiment,polarity,raw_text,clf_text,,,
0,att,pos,0.4,How can the men &amp; women of @ATT Tennessee impact our communities? Stay tuned for an important announcement on Thurs‚Ä¶ https://t.co/40elnrVai0,how can the men women of @att tennessee impact our communities stay tuned for an important announcement on thurs,,,
1,att,pos,0.225,"@aaron_babcock @DIRECTV @ATT This is so true. ATT completely ruined it. I canceled in March, went to YouTube TV, an‚Ä¶ https://t.co/LunZ0cCuvn",@att this is so true att completely ruined it i canceled in march went to youtube tv an,,,
2,att,pos,0.103787879,Att. CRNAs! Exciting new Job opportunities in IL at Sarah Bush Lincoln Health Center! You'll receive a generous com‚Ä¶ https://t.co/zFCudogarY,att crnas exciting new job opportunities in il at sarah bush lincoln health center receive a generous com,,,
3,att,pos,0.5,"@Joeruu2 Hello @Joeruu2, Let's turn this around and please DM us more details along with your account info so we ca‚Ä¶ https://t.co/PAl0TmLIaT",hello turn this around and please dm us more details along with your account info so we ca,,,
4,att,pos,0.5,@JamesOKeefeIII @ATT @brianstelter Time for everyone that has AT&amp;T phone service to cancel if all the top managemen‚Ä¶ https://t.co/VdqG6gIIrB,@att time for everyone that has at t phone service to cancel if all the top managemen,,,
5,att,pos,0.125,"@d_mccarthy37 Hey @d_mccarthy37, lets connect via direct message! Send us your account details and zip code. We'll take a look. ^DanielS",hey lets connect via direct message send us your account details and zip code take a look daniels,,,
6,att,pos,0.4,"@ATT scammed me and they won‚Äôt fix it.  On the chat said iPhone was free with two year service.  Now they say no, I‚Ä¶ https://t.co/2Eh4aTkOJD",@att scammed me and they won t fix it on the chat said iphone was free with two year service now they say no i,,,
7,att,pos,0.05,"#ATTserverOutage So @ATT finally admitted the outage on October 9, but still hasn""t fixed it. Someone must want a r‚Ä¶ https://t.co/nvMHQa8uh2",#attserveroutage so @att finally admitted the outage on october but still hasn t fixed it someone must want a r,,,
8,att,pos,0.225,@KimiChernoby Lots of ‚Äòhello‚Äô followed by long pause waiting for a response and then hanging up:) shout out to @att‚Ä¶ https://t.co/0fgL8MdnFB,lots of hello followed by long pause waiting for a response and then hanging up shout out to @att,,,
9,att,pos,0.25,pensando Naquilo. att de suddenly married üò™,pensando naquilo att de suddenly married,,,
10,att,pos,0.2,"@ATTHelp @DIRECTV #nflsundayticket #NFLSUNDAYTICKETFAIL It‚Äôs halftime... no game, no responses, I‚Äôve been on hold f‚Ä¶ https://t.co/gqSh63CGKx",@atthelp it s halftime no game no responses i ve been on hold f,,,
11,att,pos,0.2,"@ATTHelp is this a legit email? Doesn‚Äôt seem to be, but thought I should check. Thanks. https://t.co/jiIx8FuyLm",@atthelp is this a legit email doesn t seem to be but thought i should check thanks,,,
12,att,pos,0.8,@gvbx29 We'll be happy to look into this for you. Check out this link for information on troubleshooting your fireT‚Ä¶ https://t.co/XFYPLNZm9c,be happy to look into this for you check out this link for information on troubleshooting your firet,,,
13,att,pos,0.2,#Sundayticket @DIRECTV @ATTHelp how about a real update on the situation?,@atthelp how about a real update on the situation,,,
14,att,pos,0.6,@ATT and are refusing to remove the charge but will kindly give me a $75 credit. I googled the number the call was‚Ä¶ https://t.co/8jHpadgARW,@att and are refusing to remove the charge but will kindly give me a credit i googled the number the call was,,,
15,att,pos,0.48828125,@joshuar10831300 @ATT @DIRECTV Exactly!!! So pissed.,@att exactly so pissed,,,
16,att,pos,0.080357143,"@Ready22066497 @ATT you realize there can be other causes if fires, right? https://t.co/aHYm3zH5Di",@att you realize there can be other causes if fires right,,,
17,att,pos,0.25,"@ToryelleColeman Hello, please send me a private message and tell us more. We're here to help. https://t.co/d41TysiLKQ ^JuanP",hello please send me a private message and tell us more here to help juanp,,,
18,att,pos,0.136363636,@ATTHelp We ordered a new iPhone 11 pro as a new device on our plan. We also requested to port over a number to the‚Ä¶ https://t.co/M56IHhFaB1,@atthelp we ordered a new iphone pro as a new device on our plan we also requested to port over a number to the,,,
19,att,pos,0.4,"Yep, just confirmed with @ATTHelp that my #atrnow bill will be going up yet again despite having the ""guaranteed"" g‚Ä¶ https://t.co/fwuJDmvB9s",yep just confirmed with @atthelp that my bill will be going up yet again despite having the guaranteed g,,,
20,att,pos,0.233333333,I am wondering if @ATT or @DIRECTV are actually better than @CoxComm because the only think i like is how fast my internet is.,i am wondering if @att or are actually better than because the only think i like is how fast my internet is,,,
21,att,pos,0.3,@agggressica @ATT Sprint is not any better they once billed me 1k for leaving 1 week early.,@att sprint is not any better they once billed me for leaving week early,,,
22,att,pos,0.2,"@Mj1159 Hi Mike, thanks for reaching out to us. You can check the veterans discounts and deals we have here:‚Ä¶ https://t.co/u5TABuBAhE",hi mike thanks for reaching out to us you can check the veterans discounts and deals we have here,,,
23,att,pos,0.8125,@xo_blissfulbri @ATT Perfect! I‚Äôm glad to hear that!,@att perfect i m glad to hear that,,,
24,att,pos,0.266666667,@ATT I REALLY want to use my own hardware for the modem. HELL i'd use commercial rack hardware if i had experience‚Ä¶ https://t.co/RzXPY5qTyg,@att i really want to use my own hardware for the modem hell use commercial rack hardware if i had experience,,,
25,att,neg,-0.333333333,@ATT @ecambage feel it is selfish and unfair for millionaire celebrities to encroach on their only source of income‚Ä¶ https://t.co/c9PQ9ppgXW,@att feel it is selfish and unfair for millionaire celebrities to encroach on their only source of income,,,
26,att,neg,-0.14047619,@ATTHelp I promise I‚Äôm not paying for this month. Every single day it‚Äôs been lagging all day long. This service sucks.,@atthelp i promise i m not paying for this month every single day it s been lagging all day long this service sucks,,,
27,att,neg,-0.2,Oh y‚Äôall gotta cut her shit off with this type of attitude @ATT https://t.co/lvXIZx6GKp,oh y all gotta cut her shit off with this type of attitude @att,,,
28,att,neg,-0.4,@SoaRGaming im poor so no phone / ATT Fiber,im poor so no phone att fiber,,,
29,att,neg,-0.3,@ATT Why haven‚Äôt y‚Äôall made CNN comment on what the fuck Zucker has been doing?? I will CANCEL my shit if y‚Äôall don‚Äôt show accountability,@att why haven t y all made cnn comment on what the fuck zucker has been doing i will cancel my shit if y all don t show accountability,,,
30,att,neg,-0.2,@SenWarren @BizRoundtable @amazon @Walmart @GM @jpmorgan @ATT @comcast This is the funniest shit I've ever heard.,@att this is the funniest shit ever heard,,,
31,att,neg,-0.125,@ATTHelp for the past 3 days I have no mobile data it keeps saying your carrier has turn off your data so last nigh‚Ä¶ https://t.co/sMwhOvJgbt,@atthelp for the past days i have no mobile data it keeps saying your carrier has turn off your data so last nigh,,,
32,att,neg,-0.1875,"In a little over a year, my @ATT #ATTtvnow account has went from $50/month to $85. I didn‚Äôt even get kissed nor was‚Ä¶ https://t.co/UgaxkiverD",in a little over a year my @att #atttvnow account has went from month to i didn t even get kissed nor was,,,
33,att,neg,-0.025,"RT @bromantiker: En text fr√•n 2018 v√§rd att l√§sa igen.

""As long as liberalism is synonymous with globalisation‚Äîwith global elites cocooned‚Ä¶",rt en text fr√•n v√§rd att l√§sa igen as long as liberalism is synonymous with globalisation with global elites cocooned,,,
34,att,neg,-0.277777778,@ATTHelp Cheifs Texans game stearm has been down since the kick off https://t.co/COa1ew6BTW,@atthelp cheifs texans game stearm has been down since the kick off,,,
35,att,neg,-0.015151515,RT @ZionTechGroup: Apple iPhone 11 - 64GB - Black (AT&amp;T) A2111 (CDMA + GSM) New Att Unlock: $600.00 (0 Bids) End Date: Sunday Oct-20-2019 9‚Ä¶,rt apple iphone black at t cdma gsm new att unlock bids end date sunday oct,,,
36,att,neg,-0.216666667,RT @JoeFreedomLove: Fake ATT CEO Randall Stephenson says: I‚Äôm not shocked that my employee Fake CNN CEO Zucker hates with all his nads Trum‚Ä¶,rt fake att ceo randall stephenson says i m not shocked that my employee fake cnn ceo zucker hates with all his nads trum,,,
37,att,neg,-1,How in the hell does @ATT cable internet stay in business this service is horrible,how in the hell does @att cable internet stay in business this service is horrible,,,
38,att,neg,-0.266666667,"@cajunrajun @ATTHelp @DoMsFreebies Well, game's fucking over now. Thanks to #NFLSundayTicket, I didn't get to watch‚Ä¶ https://t.co/CpnGCqPpru",@atthelp well fucking over now thanks to i get to watch,,,
39,att,neg,-0.5,"@ATT 
Is proving useless in customer service for prepaid phones.",@att is proving useless in customer service for prepaid phones,,,
40,att,neg,-0.333333333,"@ATTHelp been on hold for 20 minutes and counting, you told me 8 minutes. Ridiculous.",@atthelp been on hold for minutes and counting you told me minutes ridiculous,,,
41,att,neg,-0.4,"@jenhartman77 We hear you, and we know this is frustrating. Click here to see how we are fighting for you: https://t.co/4P20dXKWnk",we hear you and we know this is frustrating click here to see how we are fighting for you,,,
42,att,neg,-0.5,"ATT is ü§ÆPAYSEUR-
ü§ÆROTHSCHILD:

EUGENICS/BIOTECH
COMMUNICATIONS
RAILWAYS
UTILITITIES

What could go wrong ? https://t.co/T7HGnEzeX9",att is payseur rothschild eugenics biotech communications railways utilitities what could go wrong,,,
43,att,neg,-0.325,@ATT once I‚Äôm done with y‚Äôall I‚Äôm getting rid of everything @att has there hands in no more @DIRECTV either fuck yo‚Ä¶ https://t.co/cXsdcBm4pc,@att once i m done with y all i m getting rid of everything @att has there hands in no more either fuck yo,,,
44,att,neg,-0.057692308,"Week 6 Big Ten Raw Def Points per Red Zone Att

Ohio State 2.6
Wisconsin 3.4
Northwestern 3.8
Michigan State 4.0
Pe‚Ä¶ https://t.co/wprBmv0Ma5",week big ten raw def points per red zone att ohio state wisconsin northwestern michigan state pe,,,
45,att,neg,-0.4,"Oh, the game ended #mcfc 2 #ccfc 1. David Johnson (83) and Graham Baker (90) for the Blues, Gordon Owen (15) for Cardiff. Att: 20,141.",oh the game ended david johnson and graham baker for the blues gordon owen for cardiff att,,,
46,att,neg,-0.05,@ATTHelp went to bed w/o DSL service b/c of an issue on your end and it‚Äôs still not fixed at 4am. I‚Äôm a teacher who‚Ä¶ https://t.co/g1tAJ55maE,@atthelp went to bed w o dsl service b c of an issue on your end and it s still not fixed at i m a teacher who,,,
47,att,neg,-0.1875,A little Monday morning stroll through history üôåüèºüôåüèº @ATT #IHX #RTG #ReadyToGo #ATTEMP #ATT https://t.co/A8WW7eTr3E,a little monday morning stroll through history @att #attemp #att,,,
48,att,neg,-0.4,Patients are running thin @ATTHelp .,patients are running thin @atthelp,,,
49,att,neg,-0.125,In other news. @ATT this is ghetto. How I refer two people and they get their rewards and I never got mine? I‚Äôm STI‚Ä¶ https://t.co/WJS6AAITvF,in other news @att this is ghetto how i refer two people and they get their rewards and i never got mine i m sti,,,
50,verizon,pos,0.5,"@corr_am We would love to assist you with adding dvr service to your account, Erica. Are all your services currentl‚Ä¶ https://t.co/gwLutCLtK3",we would love to assist you with adding dvr service to your account erica are all your services currentl,,,
51,verizon,pos,1,"Awesome deal #Apple iPhone 5s - 16/32/64GB - Choose: Unlocked, AT&amp;T, T-mobile, Verizon, #iPhone #Unlocked, Sold ove‚Ä¶ https://t.co/H5ZhDbuSSB",awesome deal iphone choose unlocked at t verizon sold ove,,,
52,verizon,pos,0.266666667,@VZWSupport @brandonbeckky3 Thanks you @verizon for not giving two shits about longtime loyal customers paying over‚Ä¶ https://t.co/8vKeztgiNA,thanks you @verizon for not giving two shits about longtime loyal customers paying over,,,
53,verizon,pos,0.55,Verizon will be the best as far as coverage https://t.co/ItiGCwrPO6,verizon will be the best as far as coverage,,,
54,verizon,pos,0.65,"@Adam12099059 We would be more than happy to connect you to our sales team, please follow and DM @VerizonSupport fo‚Ä¶ https://t.co/4deK1NlmVm",we would be more than happy to connect you to our sales team please follow and dm @verizonsupport fo,,,
55,verizon,pos,0.55,5G Pixel 4 Would Be A Good Fit On Verizon https://t.co/vg9kkizj09 #AI #marketing via @mariuskarma,pixel would be a good fit on verizon via,,,
56,verizon,pos,0.8,"lol, Liberal Yahoo News a subsidiary of Verizon getting in on the Warren bashing as guess what...SHE IS COMING AFTE‚Ä¶ https://t.co/QCyR0CLRc1",lol liberal yahoo news a subsidiary of verizon getting in on the warren bashing as guess what she is coming afte,,,
57,verizon,pos,0.35,@deadassm4visb Thanks for serving our country! I will be happy to assist. Please follow/DM us to further assist. ^CT,thanks for serving our country i will be happy to assist please follow dm us to further assist ct,,,
58,verizon,pos,0.3,@teknodave Making sure you have reliable service is vital. We are not showing any known alerts in your area. When d‚Ä¶ https://t.co/dj1XAbp85I,making sure you have reliable service is vital we are not showing any known alerts in your area when d,,,
59,verizon,pos,0.2875,@vago_kings @Moe_Tiva @verizon @VZWSupport Has to be ur phone the other day mine was good while u was struggling,@verizon has to be ur phone the other day mine was good while u was struggling,,,
60,verizon,pos,0.8,@erichamilton22 @verizon Boggle.... LOL,@verizon boggle lol,,,
61,verizon,pos,0.178787879,"HEADS UP VERIZON CUSTOMERS: Verizon is offering new and current customers a free year of Disney+. 

https://t.co/4dphpTnCgV",heads up verizon customers verizon is offering new and current customers a free year of disney,,,
62,verizon,pos,0.716666667,@VZWSupport @verizon It isn't a pleasant experience to carry around your loved one's death certificate because your‚Ä¶ https://t.co/lFtGjMH8s7,@verizon it a pleasant experience to carry around your loved death certificate because your,,,
63,verizon,pos,0.25,Verizon a whole bully out here!,verizon a whole bully out here,,,
64,verizon,pos,0.1,Just encountered a wild TikToker in the Verizon parking lot,just encountered a wild tiktoker in the verizon parking lot,,,
65,verizon,pos,0.2,"@TheReve89215963 I think we are just going to go to Verizon and talk to them. I will keep everyone updated.
Thank you so much for your help.",i think we are just going to go to verizon and talk to them i will keep everyone updated thank you so much for your help,,,
66,verizon,pos,0.7,So my mom would rather pay $85 for 400mbps with Optimum for 2 years than pay $80 for 900mbps with Verizon for 3 yea‚Ä¶ https://t.co/9XhjSuVBxW,so my mom would rather pay for with optimum for years than pay for with verizon for yea,,,
67,verizon,pos,0.1,Milford denies plan for Verizon cell tower near residential area in township https://t.co/fhJHZ5TuNR,milford denies plan for verizon cell tower near residential area in township,,,
68,verizon,pos,0.4,Verizon Customers to Get Free Year of Disney+ https://t.co/26NMPv80i7 https://t.co/tXZs7UX4tJ,verizon customers to get free year of disney,,,
69,verizon,pos,0.625,üö®PSA for all you @verizon users! üö®Get your FREE @disneyplus subscription this November!! #disneyplus #verizon #free‚Ä¶ https://t.co/VxngZf6dOI,psa for all you @verizon users get your free subscription this november #verizon,,,
70,verizon,pos,0.5,"Have you ever had a role like ""Verizon Sales Consultant""? What did you like most about that job? #Sales #Grafton, WI",have you ever had a role like verizon sales consultant what did you like most about that job wi,,,
71,verizon,pos,0.170454545,Apple iPhone 8 Plus 64GB GSM &amp; FULLY UNLOCKED AT&amp;T T-Mobile Verizon BRAND NEW ! Don't Delay $593.00 https://t.co/eZvsktZxH8,apple iphone plus gsm fully unlocked at t verizon brand new delay,,,
72,verizon,pos,1,@nfl_college_fb @NFLFantasy @NFL @verizon Best schedule rest of the year too,@verizon best schedule rest of the year too,,,
73,verizon,pos,0.7,@NabeelDC Good Evening Nabeel. We were just wanting to update you as the issue is still being investigated as the o‚Ä¶ https://t.co/cZ7IRS4c6T,good evening nabeel we were just wanting to update you as the issue is still being investigated as the o,,,
74,verizon,pos,0.4,RT @ariannahuff: Great bedtime ritual from Verizon Wireless SVP and CFO Holly Hess Groos. Have you tried sleeping with your phone outside y‚Ä¶,rt great bedtime ritual from verizon wireless svp and cfo holly hess groos have you tried sleeping with your phone outside y,,,
75,verizon,neg,-0.07979798,Verizon got some new plans were your phone won‚Äôt slow down after 22gb. I bumped mines up to 25gb for the same price‚Ä¶ https://t.co/ifVnAMIxbX,verizon got some new plans were your phone won t slow down after i bumped mines up to for the same price,,,
76,verizon,neg,-0.035714286,"Verizon announces ""GPU-slicing"" service to enable a single graphics processor to offer services to multiple clients‚Ä¶ https://t.co/f0xT4ZGgW0",verizon announces service to enable a single graphics processor to offer services to multiple clients,,,
77,verizon,neg,-0.375,"@johnnova70 I'm sorry that you are not able to make or receive calls, John. Let's resolve this issue for you. When‚Ä¶ https://t.co/1zRrKvQXOz",sorry that you are not able to make or receive calls john resolve this issue for you when,,,
78,verizon,neg,-0.75,@livnoscandal We're disappointed to hear you say this and would like to get this turned around. Please tell us more‚Ä¶ https://t.co/nUmN2Q9uO2,disappointed to hear you say this and would like to get this turned around please tell us more,,,
79,verizon,neg,-0.05,@VerizonSupport No change. Plus router wouldn't cause TV and phone outage correct? Or fail light on ont?,@verizonsupport no change plus router cause tv and phone outage correct or fail light on ont,,,
80,verizon,neg,-0.7,Verizon being really ugly with my Internet.,verizon being really ugly with my internet,,,
81,verizon,neg,-0.204761905,Verizon‚Äôs service is complete trash right now and it‚Äôs very annoying,verizon s service is complete trash right now and it s very annoying,,,
82,verizon,neg,-0.133333333,@VerizonSupport Yes twice and nothings changed. It's only on one channel and only during the baseball game. I check‚Ä¶ https://t.co/rYZYbZxPAK,@verizonsupport yes twice and nothings changed only on one channel and only during the baseball game i check,,,
83,verizon,neg,-0.714285714,im sick of the both of you @verizon @Apple,im sick of the both of you @verizon,,,
84,verizon,neg,-0.5,@ggwynterwrites I'm sorry to hear about the roadblock when trying to get into your account. When was the  ast time‚Ä¶ https://t.co/ZB2c32YXR3,sorry to hear about the roadblock when trying to get into your account when was the ast time,,,
85,verizon,neg,-0.3,@verizon I‚Äôve been trying to reach a Verizon representative for days and spend at least an hour with no luck. Seems‚Ä¶ https://t.co/BW8NodhTR3,@verizon i ve been trying to reach a verizon representative for days and spend at least an hour with no luck seems,,,
86,verizon,neg,-0.1,@davesroberts We apologize for you not being able to watch the game the way you wanted. We'll get you up and running before game 2. ^WLA,we apologize for you not being able to watch the game the way you wanted get you up and running before game wla,,,
87,verizon,neg,-0.5,"@busterbowler300 Thank you for letting us know you are still unable to make calls, Bill. Having access to your serv‚Ä¶ https://t.co/CSTO0VTLHY",thank you for letting us know you are still unable to make calls bill having access to your serv,,,
88,verizon,neg,-0.227777778,"@N2Wind 2/2 Once the 25, 50, or 50 GB of Premium data has been used on each line, a slow down in data speeds may be‚Ä¶ https://t.co/eBIf0OIXSI",once the or gb of premium data has been used on each line a slow down in data speeds may be,,,
89,verizon,neg,-0.4,@verizon Verizon is the absolute worst.,@verizon verizon is the absolute worst,,,
90,verizon,neg,-0.166666667,HALF OFF PHONE BILLS (SPRINT VERIZON AT&amp;T T MOBILE),half off phone bills sprint verizon at t t mobile,,,
91,verizon,neg,-0.25,@TheJehlingGroup We do appreciate all of our small business owners like yourself and want to ensure you have workin‚Ä¶ https://t.co/mnMEi8gRom,we do appreciate all of our small business owners like yourself and want to ensure you have workin,,,
92,verizon,neg,-0.05,"RT @Joe_TOC: ‚ÄúThe VAR check, sponsored by Verizon‚Äù

Well, that explains why it sucks so much.",rt the var check sponsored by verizon well that explains why it sucks so much,,,
93,verizon,neg,-0.26875,"RT @timmayd: @JazzLJenkins @Xfinity @verizon @comcastcares @VZWSupport Hello, we know how dangerous it can be when a major metropolitan cit‚Ä¶",rt @verizon hello we know how dangerous it can be when a major metropolitan cit,,,
94,verizon,neg,-0.05,"@Zenomercer @verizon tbf, it should be on FCC. 
It's not clear if Verizon by itself (or AT&amp;T etc.) can solve it.",@verizon tbf it should be on fcc not clear if verizon by itself or at t etc can solve it,,,
95,verizon,neg,-0.161111111,We previously tracked down and confronted a Verizon employee in Murietta accused of accepting bribes from SIM Swap‚Ä¶ https://t.co/Qefm0NbXiP,we previously tracked down and confronted a verizon employee in murietta accused of accepting bribes from sim swap,,,
96,verizon,neg,-0.4,@nuyorican_21 I'm sorry you've had such a bad experience. I'd like to help you today. The video using the WI-FI sig‚Ä¶ https://t.co/JLsYVhLwmf,sorry had such a bad experience like to help you today the video using the sig,,,
97,verizon,neg,-0.05,"@mary128blue Have you unplugged the set-top box, let it sit for 10 sec and plug it back up? 
^DMM",have you unplugged the box let it sit for sec and plug it back up dmm,,,
98,verizon,neg,-0.0625,"‚òéÔ∏è‚òéÔ∏èFYI- ‚òéÔ∏è‚òéÔ∏è 
called Verizon the other day and they wanted me to agree to let them record my voice for future iden‚Ä¶ https://t.co/IXQaGGf04g",fyi called verizon the other day and they wanted me to agree to let them record my voice for future iden,,,
99,verizon,neg,-0.49375,@pIayboyari Yeah i have verizon. It‚Äôs a little annoying at times but they‚Äôre alright,yeah i have verizon it s a little annoying at times but they re alright,,,
100,tmobile,pos,0.168181818,"@TMobile I have 2 questions:

1. Can new customers take a JOD lease?
2. Where is the pricing for JOD devices?

Thanks",@tmobile i have questions can new customers take a jod lease where is the pricing for jod devices thanks,,,
101,tmobile,pos,0.45,@TimothyKliphuis Yes! Thanks @TMobile! Very glad I switched.,yes thanks @tmobile very glad i switched,,,
102,tmobile,pos,0.325,"@SincereSoprano Hey friend, I assure you that our offer to help is very sincere. We definitely want to do all we ca‚Ä¶ https://t.co/sxFPUz1Xuq",hey friend i assure you that our offer to help is very sincere we definitely want to do all we ca,,,
103,tmobile,pos,0.4,"RT StaneffMatt: As you know, TMobile is a HUGE sponsor of the MLB. So I‚Äôm giving away #MLBPostseason tickets to gam‚Ä¶ https://t.co/PB4Eg44IYf",rt staneffmatt as you know tmobile is a huge sponsor of the mlb so i m giving away tickets to gam,,,
104,tmobile,pos,0.5,@xogeniuss @TMobile Yea but the 11Pro üì∏ Better ( I heard ),@tmobile yea but the better i heard,,,
105,tmobile,pos,0.416666667,@HopeKorf @JohnLegere @BrianDahleCA It's still going to be TMobile.  You'll be fine.  If you are with tmobile you a‚Ä¶ https://t.co/nY53cMNJkX,still going to be tmobile be fine if you are with tmobile you a,,,
106,tmobile,pos,0.5,"@TrueladyDS @JohnLegere This doesn't sound like the experience we strive to provide! Send us a DM, and we can work together. ^JorgeGarcia",this sound like the experience we strive to provide send us a dm and we can work together jorgegarcia,,,
107,tmobile,pos,0.6,@mermaidqweeen That is awesome. We do care about our customers and that is how we roll! Thanks for the shout out an‚Ä¶ https://t.co/JsWus0qnb3,that is awesome we do care about our customers and that is how we roll thanks for the shout out an,,,
108,tmobile,pos,0.5,@ArianaGrande @TMobile i love you cant wait to see u,@tmobile i love you cant wait to see u,,,
109,tmobile,pos,0.15,@TMobileHelp Ok but it seems it will be a waste of everyone's time if you can't make changes to accounts üòÇ,@tmobilehelp ok but it seems it will be a waste of time if you make changes to accounts,,,
110,tmobile,pos,0.25,@chase_roper I've got your DM Chase and will meet you back there to continue working! :) ^TaylorMorris,got your dm chase and will meet you back there to continue working taylormorris,,,
111,tmobile,pos,0.406666667,"@JJM759 @JohnLegere Such a great area to enjoy, and having the service going strong alongside is important.  These‚Ä¶ https://t.co/rK4VcGYKDq",such a great area to enjoy and having the service going strong alongside is important these,,,
112,tmobile,pos,0.8,@ArianaGrande @TMobile we are v proud,@tmobile we are v proud,,,
113,tmobile,pos,0.75,@TMobile Hey T-Mobile I love you guys and all the great perks!! #Thankenstein + #contest #TMobileTuesdays. #areyouwithus,@tmobile hey i love you guys and all the great perks #tmobiletuesdays,,,
114,tmobile,pos,0.25,"@TMobileHelp @JohnLegere It's not whether I'd like to or not, but your company physically cannot get me better serv‚Ä¶ https://t.co/beIr1MtTgp",@tmobilehelp not whether like to or not but your company physically cannot get me better serv,,,
115,tmobile,pos,0.225,"@darrick_lane98 Thanks for reaching out, Lane. Having a reliable connection is a must. Please DM us what exactly yo‚Ä¶ https://t.co/GxrJJvcOUx",thanks for reaching out lane having a reliable connection is a must please dm us what exactly yo,,,
116,tmobile,pos,0.625,@TacoPunisher @oneplus @TMobile It's pretty awesome!,@tmobile pretty awesome,,,
117,tmobile,pos,0.6625,@1800YOUDEAD @JohnLegere We're always looking for talented people that love Magenta! Check out‚Ä¶ https://t.co/Tsn1T2D9yN,always looking for talented people that love magenta check out,,,
118,tmobile,pos,0.5,@TMobile #Thankenstein  #contest thanks for the chance to win.,@tmobile thanks for the chance to win,,,
119,tmobile,pos,0.344444444,Shout out to @TMobile &amp; @JohnLegere ‚úåüèºThis vacation is much needed but so is social media and Apple Music lol. https://t.co/VFmVtoQrbK,shout out to @tmobile this vacation is much needed but so is social media and apple music lol,,,
120,tmobile,pos,0.625,@TMobile how many times without service in CO?! Are we getting a concession? Because this is happening almost on a‚Ä¶ https://t.co/Do8trioTG3,@tmobile how many times without service in co are we getting a concession because this is happening almost on a,,,
121,tmobile,pos,0.35,@titilocote @JohnLegere @TMobile Company‚Äôs true colors showing.,@tmobile company s true colors showing,,,
122,tmobile,pos,0.35,@ArianaGrande @TMobile LOVE U SOOOO MUCH,@tmobile love u soooo much,,,
123,tmobile,pos,0.225,"@jarichmond Thanks so much for letting us know about this!
If you could send me a DM https://t.co/kGg2v4HP5h I can‚Ä¶ https://t.co/8YqnglUBNl",thanks so much for letting us know about this if you could send me a dm i can,,,
124,tmobile,pos,0.5,@JohnLegere @oneplus @TMobile I'd like a free upgrade please!,@tmobile like a free upgrade please,,,
125,tmobile,neg,-0.508626302,Shout out to @TMobile for that half off coupon for @HotTopic now I got my Halloween costume set!!!!! Jack skeleton‚Ä¶ https://t.co/PayiLIGdvi,shout out to @tmobile for that half off coupon for now i got my halloween costume set jack skeleton,,,
126,tmobile,neg,-0.7,@TMobile Ohhh poo! I didn't even read the deadline I was just like contest yassss üòÇ my bad.,@tmobile ohhh poo i even read the deadline i was just like contest yassss my bad,,,
127,tmobile,neg,-0.4,@TMobileHelp @JohnLegere So tired of hearing about inclusive and diverse. Ur a phone company. Stick to the product,@tmobilehelp so tired of hearing about inclusive and diverse ur a phone company stick to the product,,,
128,tmobile,neg,-0.15,@TMobileHelp @JohnLegere I am forced to shut my phone off and turn it back on. Then I have between 5 and 30 mins of‚Ä¶ https://t.co/OWlRdEYcXN,@tmobilehelp i am forced to shut my phone off and turn it back on then i have between and mins of,,,
129,tmobile,neg,-1,RT @AlanSemsar: Can you hear me now ?? @JohnLegere terrible Service  @TMobileHelp https://t.co/Gw16rvXZYV,rt can you hear me now terrible service @tmobilehelp,,,
130,tmobile,neg,-0.3,SELL $S - SCOOP @TMOBILE @SPRINT LEGAL TEAM GROW DOUBTFUL ON STATE AG SETTLEMENT OF DEAL CASE BELIEVE @TISHJAMES‚Ä¶ https://t.co/Hd7W8GyUjI,sell s scoop @tmobile legal team grow doubtful on state ag settlement of deal case believe,,,
131,tmobile,neg,-0.875,@ArianaGrande @TMobile We want a video for Bad To You!,@tmobile we want a video for bad to you,,,
132,tmobile,neg,-0.279545455,"@askdes @madebygoogle @TMobile Very disappointed with #Tmobile that ""Pixel on us"" offer is only when adding new lin‚Ä¶ https://t.co/WhcvPbIops",@tmobile very disappointed with #tmobile that pixel on us offer is only when adding new lin,,,
133,tmobile,neg,-0.041666667,@cuylerfrisby You should have an exceptional experience when you reach out to us and I am disappointed to hear that‚Ä¶ https://t.co/fjJqVjqlVC,you should have an exceptional experience when you reach out to us and i am disappointed to hear that,,,
134,tmobile,neg,-0.5,@TMobileHelp If this is 100% that really is disturbing,@tmobilehelp if this is that really is disturbing,,,
135,tmobile,neg,-0.1,@TMobile   I spent hours and hours on the phone with them as they kept trying to fix it. Now they are trying to mak‚Ä¶ https://t.co/QL4JKm2qQd,@tmobile i spent hours and hours on the phone with them as they kept trying to fix it now they are trying to mak,,,
136,tmobile,neg,-0.071428571,@mycats75 @JohnLegere @TMobile The guy that I was talking to how are you doing today are you single,@tmobile the guy that i was talking to how are you doing today are you single,,,
137,tmobile,neg,-0.175,@One_bored_dog @OnePlus_USA @TMobile Not true.,@tmobile not true,,,
138,tmobile,neg,-0.2,@NostreThomas @PotStirR @TMobileHelp @bnaction @TMobile @tacobell Same for me. It's broken. üôÑ,@tmobilehelp @tmobile same for me broken,,,
139,tmobile,neg,-0.7,@woahjacob @Phaaaayyee @philip_pascual People with Tmobile: ‚Äúaye my bad bro but whats your wifi?‚Äù,people with tmobile aye my bad bro but whats your wifi,,,
140,tmobile,neg,-0.7,"i wanna complain about how bad the congestion has gotten on tmobile LTE band 2 here, but i can‚Äôt, because unlike ev‚Ä¶ https://t.co/NT9GoG3L3X",i wanna complain about how bad the congestion has gotten on tmobile lte band here but i can t because unlike ev,,,
141,tmobile,neg,-0.46875,@TMobile @jonasbrothers I‚Äôm a sucker for YOU!! ü•∞,@tmobile i m a sucker for you,,,
142,tmobile,neg,-0.15625,@TMobileHelp oh you mean like the 8 plus times I had to call customer service after two different store managers in‚Ä¶ https://t.co/9mQfzU4b0Y,@tmobilehelp oh you mean like the plus times i had to call customer service after two different store managers in,,,
143,tmobile,neg,-0.033333333,@GalaxyTheatres Im curious how it is especially since i have a $4 atom code through tmobile! I did see joker last n‚Ä¶ https://t.co/CtnG5pXZ7n,im curious how it is especially since i have a atom code through tmobile i did see joker last n,,,
144,tmobile,neg,-0.319128788,@JohnLegere Fuck you!!! I've been with tmobile for 11 years and get treated like shit!! But new customers get treat‚Ä¶ https://t.co/R65cwmg9yt,fuck you been with tmobile for years and get treated like shit but new customers get treat,,,
145,tmobile,neg,-0.25,@TMobileHelp @JohnLegere I‚Äôll keep posting also here until we agree on a solution! I‚Äôm not able to connect does @tmobile care?,@tmobilehelp i ll keep posting also here until we agree on a solution i m not able to connect does @tmobile care,,,
146,tmobile,neg,-0.175,@DNelson70426141 @ShekinahWisdom @Dansby_Wall @DearStan7 @HedigerLynn @TMobileHelp @JohnLegere Not true. The merger didn't happen yet.,@tmobilehelp not true the merger happen yet,,,
147,tmobile,neg,-0.2,"@TMobileHelp 

hey Tmobile, I need some help.  My ex girlfriend has a few of my credit cards on file for her tmobil‚Ä¶ https://t.co/tpTsdSptnS",@tmobilehelp hey tmobile i need some help my ex girlfriend has a few of my credit cards on file for her tmobil,,,
148,tmobile,neg,-0.214285714,"@skelzer @TMobileHelp I was told it would be limited to a single SIM, like the TMO 6T... unfortunately",@tmobilehelp i was told it would be limited to a single sim like the tmo unfortunately,,,
149,tmobile,neg,-1,@MamasGeeky @TMobile They are the worst. Them and robo calls.,@tmobile they are the worst them and robo calls,,,
150,att tmobile,neu,0,@JohnLegere @TMobile @ATT Come for a visit!,@tmobile @att come for a visit,0 neu,,
151,att tmobile,neu,0,@Famouslawdy @ATT @TMobile üò≠ bitch have you seen your closet? I‚Äôm just keeping upü§¶üèæ‚Äç‚ôÇÔ∏è,@att @tmobile bitch have you seen your closet i m just keeping up,0 neu,,
152,att tmobile,neg,-1,"@JohnLegere @ATT @TMobile Fix your service in Queens, NY. It‚Äôs awful.",@att @tmobile fix your service in queens ny it s awful,1 neg,att tmobile to unknown,fix service
153,att tmobile,neu,0,RT @Factsneverlie: @JohnLegere @TMobile @ATT We STILL ‚ù§Ô∏èU @JohnLegere-it happens to all of us. https://t.co/GbdoI7w7pm,rt @tmobile @att we still u it happens to all of us,0 neu,,
154,att tmobile,neu,0,’@notajenellefan @sprint @ATT Thats what I did. I had Tmobile...but when I switched from cable to satellite... ATT i‚Ä¶ https://t.co/jsgVrvsY0H,@att thats what i did i had tmobile but when i switched from cable to satellite att i,0 neu,Question!,Comment on cable and satellite of ATT
155,att tmobile,neu,0,@JohnLegere @ATT @TMobile R u a virgin or do you just play one in twitter ads,@att @tmobile r u a virgin or do you just play one in twitter ads,0 neu,,
156,att tmobile,pos,0.5,"She asked me what service I had, and I told her @ATT. She told me that @tmobile was way better and that they had be‚Ä¶ https://t.co/mClfqkeVI0",she asked me what service i had and i told her @att she told me that @tmobile was way better and that they had be,1 pos,att to tmobile,"service, unlimited"
157,att tmobile,pos,0.4,@JohnLegere @TMobile @ATT Give me a free phone Maria took mines,@tmobile @att give me a free phone maria took mines,0 pos,,
158,att tmobile,neu,0,"@marymo1966 @JohnLegere @TMobile @ATT If I stopped working out, I'd be like 240 lbs. Plus need stay in shape for army",@tmobile @att if i stopped working out be like lbs plus need stay in shape for army,0 neu,Question!,remove the number
159,att tmobile,neu,0,@JohnLegere @ATT @TMobile What about the VI tho? Y‚Äôall cover that or we gotta switch to @sprint,@att @tmobile what about the vi tho y all cover that or we gotta switch to,1 neu,Keywords: Switch,
160,att tmobile,pos,0.6,@ishansahu @ATT @BestBuy Dude gotta try TMobile. @TMobileHelp and the Chicago team of experts are amazing. The team‚Ä¶ https://t.co/vyxZswlOsp,@att dude gotta try tmobile @tmobilehelp and the chicago team of experts are amazing the team,1 pos,att to tmobile,
161,att tmobile,neu,0,"RT @usacall_net: USED LG V20 H990N DUAL SIM 5.7"" Unlocked Smartphone/TITAN/64GB ATT TMOBILE USA https://t.co/XJESLJLB2W https://t.co/jXKrJL‚Ä¶",rt used lg dual sim unlocked smartphone titan att tmobile usa,It is just a product,,
162,att tmobile,neu,0,"@TMobile @RookRowland Yea,GameStop sold the ngage,and it only toke TMobile sims,that when I left Cingular (now att&amp;‚Ä¶ https://t.co/QgPNbPG9In",@tmobile yea gamestop sold the ngage and it only toke tmobile sims that when i left cingular now att,0 neu,,
163,att tmobile,pos,0.4,"‘@Ring_Sheryl @TMobile @ATT @cyndonnelly @ILSecOfState Hi, we're happy to help. Please send us a private message wit‚Ä¶ https://t.co/05eLbbpGDS",@tmobile @att hi happy to help please send us a private message wit,0 neu,,
164,att tmobile,pos,0.088888889,@MrLeonardKim Now if only they'd install a cell tower near me where I would get a decent signal i'd switch to @TMobile from ATT,now if only install a cell tower near me where i would get a decent signal switch to @tmobile from att,1 pos,Keywords: Switch,
165,att tmobile,neu,0,@JohnLegere @ATT @TMobile I just switched someone from @att to @TMobile yesterday! Switched myself two yrs ago and‚Ä¶ https://t.co/QUw63UP4h3,@att @tmobile i just switched someone from @att to @tmobile yesterday switched myself two yrs ago and,1 neu,Keywords: Switch,
166,att tmobile,neg,-0.5,"@TMobile @ATT @sprint, in the event that the merger fails, would get $600M, and there's been reporting that TMo may‚Ä¶ https://t.co/9jn5bg8Ehf",@tmobile @att in the event that the merger fails would get and been reporting that tmo may,0 neu,,
167,att tmobile,neu,0,"TMobile ATT sprint The TMo merger would integrate Sprint, converting its customers over to a GSM-based network over‚Ä¶ https://t.co/MT9ZP8TsDh",tmobile att sprint the tmo merger would integrate sprint converting its customers over to a network over,,,
168,att tmobile,pos,0.2,"@cyndonnelly @ComEd @ILSecOfState @TMobile @ATT So yes, I legally changed my name, and they all don't care. I've sp‚Ä¶ https://t.co/JFnr5O0SdQ",@tmobile @att so yes i legally changed my name and they all care sp,,,
169,att tmobile,pos,0.5,@JohnLegere @TMobile @ATT Being a @ATT customer for 10 years and switch to @tmobilepr back in DEC was the best deci‚Ä¶ https://t.co/ASWbAUtNuk,@tmobile @att being a @att customer for years and switch to @tmobilepr back in dec was the best deci,1 pos,switch,
170,att tmobile,neg,-0.2,"@JohnLegere @ATT @TMobile Thank you guys again. Don‚Äôt forget about us, there are people with no light yet after two‚Ä¶ https://t.co/o3ZCrdJ4Ny",@att @tmobile thank you guys again don t forget about us there are people with no light yet after two,,,
171,att tmobile,neu,0,@JohnLegere @TMobile @ATT Exercise in the morning.,@tmobile @att exercise in the morning,0,,
172,att tmobile,neg,-0.8,The grass isn‚Äôt always greener üòï...I miss y‚Äôall @tmobile. Can I come home? I hate it here @att,the grass isn t always greener i miss y all @tmobile can i come home i hate it here @att,1,hate,
173,att tmobile,neu,0,"@TMobileHelp @ATT Is dropping the ball. ‚úåÔ∏è @TMobileHelp Does your Angleton, TX store have the 11 Pro Max in stock?‚Ä¶ https://t.co/uHJHO4YSbK",@tmobilehelp @att is dropping the ball @tmobilehelp does your angleton tx store have the pro max in stock,,,
174,att tmobile,neu,0,"@JohnLegere @ATT @TMobile If i had service in my area, i would definitely switch to @TMobile but...such is life ü§∑üèæ‚Äç‚ôÄÔ∏èü•∫",@att @tmobile if i had service in my area i would definitely switch to @tmobile but such is life,1,switch,
175,att tmobile,pos,0.3125,"@JohnLegere @ATT @TMobile Thanks,!! That's why I am a TMobile customer.",@att @tmobile thanks why i am a tmobile customer,,,
176,att tmobile,neu,0,@JohnLegere @TMobile @ATT I‚Äôve been asking this for years ü§∑üèª‚Äç‚ôÄÔ∏è,@tmobile @att i ve been asking this for years,0,,
177,att tmobile,neg,-0.5,"@LouBJohnson @cyndonnelly @ComEd @ILSecOfState @TMobile @ATT Unfortunately, with @ComEd, we can't go elsewhere. Wit‚Ä¶ https://t.co/AKL2m0pN6k",@tmobile @att unfortunately with we go elsewhere wit,,,
178,att tmobile,neu,0,@JohnLegere @ATT @TMobile that's why I don't use ATT for anything,@att @tmobile why i use att for anything,0,,
179,att tmobile,pos,0.118181818,@ATTHelp @ATT Can you transfer my old tmobile prepaid number to my new phone with AT&amp;T?,@atthelp @att can you transfer my old tmobile prepaid number to my new phone with at t,1,transfer,TMO to ATT
180,att tmobile,pos,0.213068182,@JohnLegere @TMobile @ATT Never been to New York or ran to a meeting! Go John!,@tmobile @att never been to new york or ran to a meeting go john,,,
181,att tmobile,pos,0.5,RT @FrankRullan: @JohnLegere @ATT @TMobile Abandons and discriminates against more than $3.5 million U.S. citizens. Never have I seen such‚Ä¶,rt @att @tmobile abandons and discriminates against more than million u s citizens never have i seen such,0,,
182,att tmobile,pos,0.78125,.@TMobile you have referral program? I'm making it my mission to free people from @ATT and bring them to @JohnLegere and his team!!!,@tmobile you have referral program making it my mission to free people from @att and bring them to and his team,1,free people from,
183,att tmobile,pos,0.2,@Tech_Fighter @JohnLegere @TMobile @ATT A free iPhone upgrade as advertised on their website. But of course only fo‚Ä¶ https://t.co/ma7rch3WSe,@tmobile @att a free iphone upgrade as advertised on their website but of course only fo,,,
184,att tmobile,neu,0,@JohnLegere @TMobile @ATT And we Like @tmobilepr  üí™üèªüí™üèª,@tmobile @att and we like @tmobilepr,1,like + appear twice,
185,att tmobile,neu,0,"@Chr0nicT @ATT @TMobile @JohnLegere Wait wym, they can‚Äôt pay taxes",@att @tmobile wait wym they can t pay taxes,,,
186,att tmobile,pos,0.25,@LexitThe @JamesOKeefeIII @brianstelter @ATT @TMobile @CNN Switched to Trump supporting TMobile too,@att @tmobile switched to trump supporting tmobile too,,,
187,att tmobile,neg,-0.5,@JamesOKeefeIII @steph93065 @ATT @brianstelter I‚Äôm already looking at @TMobile . Really sad too- I‚Äôm a creature of‚Ä¶ https://t.co/fnqAFhXQsy,@att i m already looking at @tmobile really sad too i m a creature of,,,
188,att tmobile,neg,-0.166666667,"Now up on the auction block: Samsung Galaxy S7 SM-G930A 32GB BLACK UNLOCKED TMOBILE, ATT, any GSM  $119.00 via eBay https://t.co/rMBTe7JvBt",now up on the auction block samsung galaxy black unlocked tmobile att any gsm via ebay,It is just a product,,
189,att tmobile,neu,0,@JasonBoydWrites @VZWSupport @ATT @TMobile Yup. It‚Äôs their indifference on the phone. The financial services ppl ar‚Ä¶ https://t.co/rHD15MPrfW,@att @tmobile yup it s their indifference on the phone the financial services ppl ar,,,
190,att tmobile,neu,0,@therealmikedean @ATT Come to T Mobile. @TMobile,@att come to t mobile @tmobile,1,come to,
191,att tmobile,pos,0.35,Thinking about switching from @ATT to @sprint or at @TMobile  This decision is harder than I thought lol,thinking about switching from @att to or at @tmobile this decision is harder than i thought lol,0,Question!,
192,att tmobile,neg,-0.103333333,"@ATT you guys are disgrace very bad, @TMobile is far better in customer service than you. @ATT  charged for the pho‚Ä¶ https://t.co/qMFs3QZYEh",@att you guys are disgrace very bad @tmobile is far better in customer service than you @att charged for the pho,,,
193,att tmobile,neu,0,@JohnLegere @ATT @TMobile They are abandoning prepaid customers also! #ATT @T-Mobile #redhairstepchild‚Ä¶ https://t.co/jY6wyV5xPE,@att @tmobile they are abandoning prepaid customers also #att mobile,,,
194,att tmobile,pos,0.333333333,@JohnLegere @TMobile @ATT The dishonesty Tthat I experienced bill wise .. after corrected was stil wrong.. PTSD sti‚Ä¶ https://t.co/AaEUmuqa8N,@tmobile @att the dishonesty tthat i experienced bill wise after corrected was stil wrong ptsd sti,,,
195,att tmobile,pos,0.118181818,"@ATTHelp 
Can you transfer my old tmobile prepaid number to my new phone with AT&amp;T?",@atthelp can you transfer my old tmobile prepaid number to my new phone with at t,0,Question!,
196,att tmobile,pos,1,@shalnmunk @JohnLegere @TMobile @ATT Awesome John great Move !,@tmobile @att awesome john great move,,,
197,att tmobile,neu,0,@elmtree916 @LouBJohnson @cyndonnelly @ComEd @ILSecOfState @TMobile @ATT @TMobileHelp I just sent them the name cha‚Ä¶ https://t.co/LRF3RmMl2I,@tmobile @att @tmobilehelp i just sent them the name cha,,,
198,att tmobile,neu,0,Switching mode from @ATT to @tmobilepr @TMobile https://t.co/J0mOhIUgJW,switching mode from @att to @tmobilepr @tmobile,1,switch,
199,att tmobile,neg,-0.75,@JohnLegere @ATT @TMobile @ATT stinks!,@att @tmobile @att stinks,1,one is stinks,
200,att verizon,neu,0,@VZWSupport 1 line unlimited data att says 74 after 10 per month discount with taxes and fees included.  What would be Verizon‚Äôs?,line unlimited data att says after per month discount with taxes and fees included what would be verizon s,,,
201,att verizon,pos,0.5,"@mofilly I'm sure there are lots of folks at ATT, Verizon etc running around making sure generators are running at‚Ä¶ https://t.co/GiN1Wa3zdf",sure there are lots of folks at att verizon etc running around making sure generators are running at,,,
202,att verizon,pos,0.125,WOW! @verizon lady basically jumped my ass when I asked about transferring my edge phones to @ATT basically they ha‚Ä¶ https://t.co/xlRvv7TsQG,wow @verizon lady basically jumped my ass when i asked about transferring my edge phones to @att basically they ha,,,
203,att verizon,neg,-0.21,RT @Straaawberriie: @Yung_DreadHeadd Don‚Äôt do it. I hate Verizon none working have of the time shit. And bill be high af. I want att back üôÑ,rt don t do it i hate verizon none working have of the time shit and bill be high af i want att back,,,
204,att verizon,neg,-1,"Hey! @verizon it‚Äôs been 15yrs, help me get out of my @ATT contract. I have horrible cell reception or no service‚Ä¶ https://t.co/zEW24RH2xc",hey @verizon it s been help me get out of my @att contract i have horrible cell reception or no service,,,
205,att verizon,neu,0,@ATT last chance from you @ATT. I will be switching to Verizon today if I do not hear about my 300 gift card.,@att last chance from you @att i will be switching to verizon today if i do not hear about my gift card,,,
206,att verizon,neg,-1,@MiMi5256 @MisterPreda @verizon @ATT Omg that‚Äôs horrible. I would go all the way off,@verizon @att omg that s horrible i would go all the way off,,,
207,att verizon,neu,0,@JohnLegere @piratesbooty @verizon Nope and I have ATT $100 please. üòÇ,@verizon nope and i have att please,,,
208,att verizon,neu,0,@aneka_grace @verizon Dude I swear it‚Äôs @ATTHelp too yesterday I turned my phone off and on TWICE and I missed a VE‚Ä¶ https://t.co/fpguaYmorV,@verizon dude i swear it s @atthelp too yesterday i turned my phone off and on twice and i missed a ve,,,
209,att verizon,neg,-0.55,@jaaannnki @ATT @verizon Go away @Vzwsupport your service sucks and you charge people for crap they dont use. And S‚Ä¶ https://t.co/MVXBUclV0y,@att @verizon go away your service sucks and you charge people for crap they dont use and s,,,
210,att verizon,pos,1,@jamesramsey1 @DigginMiller04 @ATT @verizon Lol my wife reminded me that @ATT now owns @cnnbrk   Bam !! That starts to make sense now.,@att @verizon lol my wife reminded me that @att now owns bam that starts to make sense now,,,
211,att verizon,neu,0,@itBcharlie @ATT Verizon,@att verizon,,,
212,att verizon,neg,-0.390625,@realDonaldTrump @CNN Just cancelled my ATT phone lines and moved to verizon!  No more money to Time Warner!!,just cancelled my att phone lines and moved to verizon no more money to time warner,,,
213,att verizon,neu,0,"@Lo_G_72 @sprint @sprintcare BTW--

(I was paying Verizon $250 for home, internet, channel packages plus ATT anothe‚Ä¶ https://t.co/3VyYDGZYCu",btw i was paying verizon for home internet channel packages plus att anothe,,,
214,att verizon,neg,-0.6,@MisterPreda @verizon @ATT at&amp;t did my family dirty,@verizon @att at t did my family dirty,,,
215,att verizon,pos,0.5,"@ATTHelp I gave my info, but the rep. disappeared and  left me alone. I think this is the best time to visit @verizon store.",@atthelp i gave my info but the rep disappeared and left me alone i think this is the best time to visit @verizon store,,,
216,att verizon,neu,0,@_emerson5051 @ATT I‚Äôm about to go to Verizon,@att i m about to go to verizon,,,
217,att verizon,pos,0.5,@MisterPreda @verizon @ATT love that you @ them,@verizon @att love that you them,,,
218,att verizon,neu,0,Same for Verizon and ATT. https://t.co/XH6PXCo3PH,same for verizon and att,,,
219,att verizon,pos,0.466666667,@MexicanRoyalty_ @VZWSupport Danggggg Verizon out here selling mid while @ATT got that good good,danggggg verizon out here selling mid while @att got that good good,,,
220,att verizon,pos,0.5,@Rayado0303 @VerizonSupport @verizon better get on it. I've had @ATT and they may be pricey but they handles... sto‚Ä¶ https://t.co/6mNPEI9wEm,@verizonsupport @verizon better get on it had @att and they may be pricey but they handles sto,,,
221,att verizon,neu,0,RT @GrowingMindsSC: @MayraHinojosa42 @StanLevenson @donorschamps @EDCgivingpage @TeacherFunder @craignewmark @verizon @ATT @eduGOOGdroid @K‚Ä¶,rt @verizon @att,,,
222,att verizon,neg,-1,@SilvaOnAVespa @ATT Beg to disagree... Having @ATT nightmares (have been since May -- miss @Verizon). Worst decisio‚Ä¶ https://t.co/l3mwhaqNqB,@att beg to disagree having @att nightmares have been since may miss @verizon worst decisio,,,
223,att verizon,neu,0,"Hey @ATTHelp when will you fix my voicemail? I need that for my business, i will jump back to @verizon Since Friday‚Ä¶ https://t.co/XlHNtUJV4c",hey @atthelp when will you fix my voicemail i need that for my business i will jump back to @verizon since friday,,,
224,att verizon,pos,0.433333333,Bye @ATT After years of the shitty customer service @Verizon and @Disney are making it too easy to switch.,bye @att after years of the shitty customer service @verizon and are making it too easy to switch,,,
225,att verizon,neg,-0.233333333,"@Bravo____ I know that but ATT is rather expensive. Not as bad as Verizon, but still and they have outages a lot more often now.",i know that but att is rather expensive not as bad as verizon but still and they have outages a lot more often now,,,
226,att verizon,neg,-0.5,@WayneMast82 @ATT Yep.  We had Verizon till about 4yrs ago then switched to ATT.  Big mistake.  Terrible compared t‚Ä¶ https://t.co/F1dkwgeck6,@att yep we had verizon till about ago then switched to att big mistake terrible compared t,,,
227,att verizon,neu,0,@therealmikedean @ATT Verizon wouldn‚Äôt do this to ya OG,@att verizon wouldn t do this to ya og,,,
228,att verizon,neu,0,"@JetSetterDylan_ No they have kiosks with Verizon, att t mobile",no they have kiosks with verizon att t mobile,,,
229,att verizon,neu,0,Today I cancelled my @DIRECTV account. When my iPhone 11 comes in I am switching from @ATT to Verizon. I'll not sub‚Ä¶ https://t.co/yWojYeDUc1,today i cancelled my account when my iphone comes in i am switching from @att to verizon not sub,,,
230,att verizon,neg,-0.0625,"@sheilamlang1 @ATT @verizon it's impacting other carries too, Verizon is one of them. It's supposedly the third par‚Ä¶ https://t.co/YsWmiNyX56",@att @verizon impacting other carries too verizon is one of them supposedly the third par,,,
231,att verizon,neg,-0.011111111,"Holy cow, I can‚Äôt believe how frustrating @verizon Customer Support is. @ATT is leaps and bounds better.",holy cow i can t believe how frustrating @verizon customer support is @att is leaps and bounds better,,,
232,att verizon,neg,-0.3,@BeautifulRM80 @verizon @ATTHelp So @ATT sucks too? I wonder how @sprint is doing .,@verizon @atthelp so @att sucks too i wonder how is doing,,,
233,att verizon,neu,0,@MisterPreda @verizon @ATT Oh no,@verizon @att oh no,,,
234,att verizon,pos,0.25,@blind_furay @perfectsin77 @JohnLegere @ATT @verizon Sorry you guys can‚Äôt afford the best. So stick with your trash-mobile.,@att @verizon sorry you guys can t afford the best so stick with your,,,
235,att verizon,pos,0.2,RT @BitchYouPretty: Who has ATT or Verizon and wants their bill paid?,rt who has att or verizon and wants their bill paid,,,
236,att verizon,pos,0.4,.@verizon takes aim at @ATT by offering @Disney‚Äôs rival streaming service for free https://t.co/e87zd3mhxH,@verizon takes aim at @att by offering s rival streaming service for free,,,
237,att verizon,pos,0.25,@ATT why do i pay all this much money a month ALONE just to have shitty service! hello Verizon??,@att why do i pay all this much money a month alone just to have shitty service hello verizon,,,
238,att verizon,neu,0,@Ask_Spectrum @ATT @dish @verizon is this your policy too?,@att @verizon is this your policy too,,,
239,att verizon,neu,0,"@JohnLegere can you invent a portable version of your LTE signal booster, maybe on the @ATT or @verizon network, so‚Ä¶ https://t.co/CfuTDXiBWi",can you invent a portable version of your lte signal booster maybe on the @att or @verizon network so,,,
240,att verizon,neu,0,@sarahcoasts @MisterPreda @verizon @ATT Who doesn‚Äôt check their savings account in four years though? üò¨,@verizon @att who doesn t check their savings account in four years though,,,
241,att verizon,pos,0.5,Go to Verizon or att. I just switched to the att network from T-Mobile network and att is def better https://t.co/wBDznrKL1D,go to verizon or att i just switched to the att network from network and att is def better,,,
242,att verizon,neu,0,@mn6824 @DarlaShine @ATT I didn't lose coverage with Verizon,@att i lose coverage with verizon,,,
243,att verizon,neu,0,"@calebstringer @ATTHelp @ATT @verizon We bit the bullet, stayed with them for years because of our corporate discou‚Ä¶ https://t.co/QHzcjfM8w8",@atthelp @att @verizon we bit the bullet stayed with them for years because of our corporate discou,,,
244,att verizon,neu,0,@JNels @verizon @ATT @kvnhkng @H20_hwaterman @5GLauren @briannadbridges @GLKCreative @svandinter @magathoklis Also‚Ä¶ https://t.co/tcdWZFdhM7,@verizon @att also,,,
245,att verizon,pos,0.066666667,"@ATT thanks for having rock solid service! Meanwhile @verizon doesn‚Äôt even mention the massive outage!
I don‚Äôt miss‚Ä¶ https://t.co/lHGCai9pwn",@att thanks for having rock solid service meanwhile @verizon doesn t even mention the massive outage i don t miss,,,
246,att verizon,neg,-1,@ATTNEWS @ATT Worst mistake ever to switch from Verizon.,@attnews @att worst mistake ever to switch from verizon,,,
247,att verizon,neu,0,@Wonkabar3000 @ATT Verizon didn‚Äôt use to have quality coverage in my area,@att verizon didn t use to have quality coverage in my area,,,
248,att verizon,pos,0.5,@perfectsin77 @blind_furay @JohnLegere @ATT @verizon Yea ok your waiting because you know damn well trash-mobile is garbage.,@att @verizon yea ok your waiting because you know damn well is garbage,,,
249,att verizon,neg,-0.129166667,"@ATT 
If you don‚Äôt take steps to clean up that fake news cesspool, I‚Äôm going to Verizon!",@att if you don t take steps to clean up that fake news cesspool i m going to verizon,,,
250,verizon tmobile,neu,0,@nickjonas @TMobile i have verizon üò≥,@tmobile i have verizon,,,
251,verizon tmobile,neg,-0.042857143,"@TMobile y‚Äôall service sucks, I regret switching to yall from @verizon my internet don‚Äôt works in certain areas. I‚Äô‚Ä¶ https://t.co/XpBjksnLkG",@tmobile y all service sucks i regret switching to yall from @verizon my internet don t works in certain areas i,,,
252,verizon tmobile,pos,0.75,@JayTea1993 @verizon @TMobile Welcome to the T-Mobile family! I‚Äôve been a customer since 2004.. you‚Äôll love the ama‚Ä¶ https://t.co/RdVh1MQhIT,@verizon @tmobile welcome to the family i ve been a customer since you ll love the ama,,,
253,verizon tmobile,neu,0,@JohnLegere @piratesbooty @verizon I don‚Äôt and I use @TMobile ü§∑üèΩ‚Äç‚ôÄÔ∏è cashapp please,@verizon i don t and i use @tmobile cashapp please,,,
254,verizon tmobile,pos,0.25,@askdes @TMobile Would it be possible for you to carry as many choices Verizon has? What goes into you deciding fro‚Ä¶ https://t.co/4z3j0qwTbd,@tmobile would it be possible for you to carry as many choices verizon has what goes into you deciding fro,,,
255,verizon tmobile,neg,-0.3125,Hey @sprint @TMobile 20 years with @verizon doesn‚Äôt mean anything to them. What are you offering to switch?,hey @tmobile years with @verizon doesn t mean anything to them what are you offering to switch,,,
256,verizon tmobile,neu,0,@MLozada @verizon @TMobile tmobile has been paying for my nextflix for a while,@verizon @tmobile tmobile has been paying for my nextflix for a while,,,
257,verizon tmobile,neu,0,"We should of stayed in Verizon, what a mission with Tmobile and their ""get out of the red"" games @JohnLegere",we should of stayed in verizon what a mission with tmobile and their get out of the red games,,,
258,verizon tmobile,neu,0,"@JohnLegere @TMobile 

So with @Verizon adding @disneyplus as a perk, any chance we could get @hulu or @hbo? I love‚Ä¶ https://t.co/1nIdiijGTd",@tmobile so with @verizon adding as a perk any chance we could get or i love,,,
259,verizon tmobile,neg,-0.283333333,@milkshakeyshae_ @TMobile @TMobile is horrible with customer service now. But I strongly advice against Sprint. Try At&amp;t or Verizon instead,@tmobile @tmobile is horrible with customer service now but i strongly advice against sprint try at t or verizon instead,,,
260,verizon tmobile,neg,-0.416666667,"Seriously @madebygoogle? Wtf?
@verizon @TMobile
9to5Google: Pixel 4 won‚Äôt support RCS messaging on Verizon or T-Mob‚Ä¶ https://t.co/X99KTujSrq",seriously wtf @verizon @tmobile pixel won t support rcs messaging on verizon or,,,
261,verizon tmobile,pos,0.318181818,@JohnLegere I‚Äôd love to fill my family of 6 up with new iPhones thru TMobile but can‚Äôt get out of Verizon ü§¨ https://t.co/tHYzzgJJtD,i d love to fill my family of up with new iphones thru tmobile but can t get out of verizon,,,
262,verizon tmobile,neu,0,"@TMobile if you can 1-up @verizon's Pixel deal, you'll get me stuck with you for another two years ü§îü§î

currently yo‚Ä¶ https://t.co/w6Tb4pk3xf",@tmobile if you can up @verizon s pixel deal get me stuck with you for another two years currently yo,,,
263,verizon tmobile,neg,-0.208333333,"@zhollid @JohnLegere @TMobile Even with their displays half off, @verizon can‚Äôt get people in the door!",@tmobile even with their displays half off @verizon can t get people in the door,,,
264,verizon tmobile,neg,-0.1,@dickemdown71 @TMobileHelp @NevilleRay Well at least Verizon cares enough to give you universal RCS on pixel (Googl‚Ä¶ https://t.co/KsjCYj6lyb,@tmobilehelp well at least verizon cares enough to give you universal rcs on pixel googl,,,
265,verizon tmobile,neu,0,"RT @mikeddano: So now in the wireless+video space it's:

-Verizon: YouTubeTV (1 month) and Disney+ (12 months)
-Tmobile: Netflix and Layer3‚Ä¶",rt so now in the wireless video space verizon youtubetv month and disney months tmobile netflix and layer,,,
266,verizon tmobile,pos,1,"@verizon @TMobile @xfinitymobile my business is up for bid. Who has the best deal? I have 2 lines, watch, plus a tablet to bring over.",@verizon @tmobile my business is up for bid who has the best deal i have lines watch plus a tablet to bring over,,,
267,verizon tmobile,neu,0,@YesMomCanDoIt @TMobile @verizon @TMobileHelp @JohnLegere That‚Äôs unconscionable,@tmobile @verizon @tmobilehelp that s unconscionable,,,
268,verizon tmobile,neu,0,@madebygoogle @TMobile Is it possible to switch from an IPhone on Verizon to a Pixel for T-Mobile?,@tmobile is it possible to switch from an iphone on verizon to a pixel for,,,
269,verizon tmobile,neu,0,@FuctupMike @TMobile Verizon has a score of 1.4 on a scale of 1-5 @2ndvote https://t.co/hWAI2GdqP8,@tmobile verizon has a score of on a scale of,,,
270,verizon tmobile,neu,0,@MFranchise22 @TMobile Should have went with Verizon,@tmobile should have went with verizon,,,
271,verizon tmobile,neu,0,@GeorgeG78212 @ZilequaG @TMobile @verizon Why do you need service at your house when WiFi calling exists? You have‚Ä¶ https://t.co/bXtkt1dvKI,@tmobile @verizon why do you need service at your house when wifi calling exists you have,,,
272,verizon tmobile,neg,-0.1375,"@hollyspangler @USCellular @verizon @verizon sucks!
Waiting for @TMobileHelp to complete the @sprint buy out and I'm done.",@verizon @verizon sucks waiting for @tmobilehelp to complete the buy out and done,,,
273,verizon tmobile,pos,0.35,@TMobile it would be cool if you guys offered Disney+ to youre customers too like Verizon,@tmobile it would be cool if you guys offered disney to youre customers too like verizon,,,
274,verizon tmobile,pos,0.25,"@dsilverman @TMobile I went back to @verizon yeah I pay more, but no issues with my plan and they are way nicer to my wife.",@tmobile i went back to @verizon yeah i pay more but no issues with my plan and they are way nicer to my wife,,,
275,verizon tmobile,neg,-0.21875,Very disappointed @TMobile. Thought you were better than that. Trying to beat @verizon as one of the most hated companies,very disappointed @tmobile thought you were better than that trying to beat @verizon as one of the most hated companies,,,
276,verizon tmobile,neu,0,@JohnLegere @oneplus @TMobile @sprint Wait didnt verizon release 5g back in april?,@tmobile wait didnt verizon release back in april,,,
277,verizon tmobile,neg,-0.225,@VZWSupport I am a @TMobile customer who has trouble contacting Verizon wireless people this past week. Since I can‚Ä¶ https://t.co/4DRZFgELXH,i am a @tmobile customer who has trouble contacting verizon wireless people this past week since i can,,,
278,verizon tmobile,neu,0,@smathews91 @TMobileHelp @TMobile @verizon I might as well because I know Atleast they wouldn‚Äôt screw their custome‚Ä¶ https://t.co/AxWZeNzrTK,@tmobilehelp @tmobile @verizon i might as well because i know atleast they wouldn t screw their custome,,,
279,verizon tmobile,neu,0,@BazleyDarius Bro go to Verizon tmobile is cheeks!,bro go to verizon tmobile is cheeks,,,
280,verizon tmobile,neu,0,@MrsRAM0S @verizon @TMobile Got it! Thx!,@verizon @tmobile got it thx,,,
281,verizon tmobile,neg,-0.8125,Switching to @Verizon was one of the worst mistakes I made in 2019 ü§¨ü§¨ü§¨ü§¨. I hope @Tmobile isn‚Äôt too mad.,switching to @verizon was one of the worst mistakes i made in i hope @tmobile isn t too mad,,,
282,verizon tmobile,pos,0.261666667,@JayTea1993 @verizon @TMobile You're going to love it! This is a current speed test in a highly congested area toni‚Ä¶ https://t.co/p9zCOjffBT,@verizon @tmobile going to love it this is a current speed test in a highly congested area toni,,,
283,verizon tmobile,neg,-0.1875,@sprint @TMobile Can either of you help my bank account breathe a little? @verizon is all tricks and no treats. I h‚Ä¶ https://t.co/ECB7UpKJxf,@tmobile can either of you help my bank account breathe a little @verizon is all tricks and no treats i h,,,
284,verizon tmobile,neu,0,@ArianaGrande @TMobile I use Verizon but I might just switch for you üòå,@tmobile i use verizon but i might just switch for you,,,
285,verizon tmobile,neg,-0.5,It‚Äôs weird having @TMobile after being with @verizon  for 13 years. But I have unlimited everything now and don‚Äôt h‚Ä¶ https://t.co/YxlIveYpma,it s weird having @tmobile after being with @verizon for years but i have unlimited everything now and don t h,,,
286,verizon tmobile,neg,-0.0625,"@zhollid @JohnLegere @TMobile There are 2 stores pictured above. One cares about their customers, while the other is verizon üòÇüòÇ",@tmobile there are stores pictured above one cares about their customers while the other is verizon,,,
287,verizon tmobile,pos,0.15,@TMobile Apparently Verizon is offering its customers a year of free Disney+. Any chance T-Mobile customers will see similar promotions?,@tmobile apparently verizon is offering its customers a year of free disney any chance customers will see similar promotions,,,
288,verizon tmobile,neg,-0.05,@JayTea1993 @verizon @TMobile Ya know what I agree with u. They don‚Äôt do anything for long time customers just new‚Ä¶ https://t.co/Pi4ataawO6,@verizon @tmobile ya know what i agree with u they don t do anything for long time customers just new,,,
289,verizon tmobile,neg,-0.375,@coley0lee @verizon I've seen issues as well. Like it's dumb.  Hey @TMobileHelp maybe you can rescue me and help me‚Ä¶ https://t.co/Ui7SBxu39s,@verizon seen issues as well like dumb hey @tmobilehelp maybe you can rescue me and help me,,,
290,verizon tmobile,neu,0,RT @ItsMilkFoo: @JohnLegere @verizon Left TMobile a couple weeks ago for Verizon and iono why I didn't do it way before. 2mbps at home with‚Ä¶,rt @verizon left tmobile a couple weeks ago for verizon and iono why i do it way before at home with,,,
291,verizon tmobile,pos,0.2,"@FuctupMike @TMobile Straight Talk through Walmart. Cheapest, on Verizon network, no contracts. Works everywhere.",@tmobile straight talk through walmart cheapest on verizon network no contracts works everywhere,,,
292,verizon tmobile,neu,0,"@JohnLegere @piratesbooty @verizon You thinking what I‚Äôm thinking 

TMobile
Pirate Booty On Us https://t.co/5Um9MtZqrB",@verizon you thinking what i m thinking tmobile pirate booty on us,,,
293,verizon tmobile,neu,0,"@TMobile Oh wait Verizon already did that, since they over charge their customers, they can afford the cheaper stre‚Ä¶ https://t.co/a0LJkDpMxt",@tmobile oh wait verizon already did that since they over charge their customers they can afford the cheaper stre,,,
294,verizon tmobile,neu,0,@ArianaGrande @TMobile can u do this with verizon tho,@tmobile can u do this with verizon tho,,,
295,verizon tmobile,pos,0.5,"RT @beautifulwrld94: Dm now IPhone 11 pro give away At&amp;t, Verizon and TMobile follow and Dm for more details for application iphone xsmax A‚Ä¶",rt dm now iphone pro give away at t verizon and tmobile follow and dm for more details for application iphone xsmax a,,,
296,verizon tmobile,pos,0.5,"Switching to @TMobile was a mistake. Never had so many connectivity issues, Scam calls/texts., Junk emails when I was with @verizon",switching to @tmobile was a mistake never had so many connectivity issues scam calls texts junk emails when i was with @verizon,,,
297,verizon tmobile,neg,-0.5,@JohnLegere @piratesbooty @verizon Hey @JohnLegere  sorry but I‚Äôm on @TMobile and I don‚Äôt like @piratesbooty.  Used‚Ä¶ https://t.co/EjmIfwV69u,@verizon hey sorry but i m on @tmobile and i don t like used,,,
298,verizon tmobile,neu,0,@verizon  @VerizonSupport  your service outage last week is messing with text messages with @TMobile @TMobileHelp S‚Ä¶ https://t.co/NuXa8khkoy,@verizon @verizonsupport your service outage last week is messing with text messages with @tmobile @tmobilehelp s,,,
299,verizon tmobile,neu,0,"@SprManKalEl @rafael @JayTea1993 @verizon @TMobile Unlimited should be unlimited, very simple!",@verizon @tmobile unlimited should be unlimited very simple,,,
300,att verizon tmobile,pos,0.3,RT @bitcounsel1: @laurashin @sprint @ATT @TMobile @verizon Handled many such cases; Feel free to DM any questions you might have and we‚Äôll‚Ä¶,rt @att @tmobile @verizon handled many such cases feel free to dm any questions you might have and we ll,,,
301,att verizon tmobile,neg,-0.333333333,"@ATT @verizon @TMobile @ATT Are you serious???, so now you send me a message to chat about this, and the person on‚Ä¶ https://t.co/2dKqKwmLWp",@att @verizon @tmobile @att are you serious so now you send me a message to chat about this and the person on,,,
302,att verizon tmobile,neg,-1,Which phone company is the worst @TMobile @sprint @ATT @verizon,which phone company is the worst @tmobile @att @verizon,,,
303,att verizon tmobile,neg,-0.2,"RT @DavidLalone78: @blueoysterdvp @verizon @ATT @TMobile @sprint I think after my phones and shit are paid off, I might try @ATT Wireless",rt @verizon @att @tmobile i think after my phones and shit are paid off i might try @att wireless,,,
304,att verizon tmobile,neu,0,@TMobile @ATT @verizon @USCellular pushing Android Pie updates.  @sprint ??? #lgv30,@tmobile @att @verizon pushing android pie updates,,,
305,att verizon tmobile,neu,0,"@ColoniaUSA @JohnLegere @PRKDMc @ATT @TMobile Also, why mention Verizon?  They left over 10 years ago.",@att @tmobile also why mention verizon they left over years ago,,,
306,att verizon tmobile,neu,0,@verizon @ATT @TMobile you all should just accept RCS on ALL of your devices. Stop holding it back and think of wha‚Ä¶ https://t.co/zAO6nUZdWM,@verizon @att @tmobile you all should just accept rcs on all of your devices stop holding it back and think of wha,,,
307,att verizon tmobile,pos,1,@tinormous @sprint @verizon @ATT @TMobile  @alticemobile I think this is a great idea to #clearthelists !,@verizon @att @tmobile i think this is a great idea to,,,
308,att verizon tmobile,neg,-0.616210938,RT @ddlc4life247: @TMobile @ATT @verizon IF YOUR IN WEST TEXAS.  VERIZON SUCKS BALLS!!!!  THEY HAVE FAILED TO FULFILL AND ASSIST IN ANY RES‚Ä¶,rt @tmobile @att @verizon if your in west texas verizon sucks balls they have failed to fulfill and assist in any res,,,
309,att verizon tmobile,neu,0,"Forgot your password? ZenKey might save you. Mobile carriers @ATT, @verizon, @sprint, &amp; @TMobile will showcase a ne‚Ä¶ https://t.co/1B4lAD2Iqh",forgot your password zenkey might save you mobile carriers @att @verizon @tmobile will showcase a ne,,,
310,att verizon tmobile,neg,-0.3125,@mattfwood @skylar038 @PAAttorneyGen @NewYorkStateAG @TMobile @sprint @freepress I don't mean that att or Verizon b‚Ä¶ https://t.co/qw2SiTZLg5,@mattfwood @paattorneygen @tmobile i mean that att or verizon b,,,
311,att verizon tmobile,neu,0,"@TMobile @verizon @ATT @Apple @boostmobile Wi-Fi Calling #domainname for sale

üëâ     https://t.co/10LrymxG5u
Make c‚Ä¶ https://t.co/hLImXMEBp2",@tmobile @verizon @att @boostmobile calling for sale make c,,,
312,att verizon tmobile,neu,0,"Since @ATT will not prorate our bill after canceling service I have to ask, does @TMobile @sprint @verizon prorate?‚Ä¶ https://t.co/JbNHriPROK",since @att will not prorate our bill after canceling service i have to ask does @tmobile @verizon prorate,,,
313,att verizon tmobile,neg,-0.125,@greatone0226 @blind_furay @JohnLegere @ATT @verizon @Trash @TMobile @CityofOrinda In other news #cancelverizon https://t.co/tQR0eViwm9,@att @verizon @tmobile in other news #cancelverizon,,,
314,att verizon tmobile,pos,0.136363636,Been with @verizon for over 15 years. Looking to switch to a new carrier. Who you got @sprint @ATT @TMobile or others?,been with @verizon for over years looking to switch to a new carrier who you got @att @tmobile or others,,,
315,att verizon tmobile,neu,0,"@cspan @AOC @RepAOC So if someone is lying to me over the phone, Verizon/Tmobile/ATT should disconnect the call.",so if someone is lying to me over the phone verizon tmobile att should disconnect the call,,,
316,att verizon tmobile,neu,0,"Then when I get service, there‚Äôs this. @ATT @verizon @TMobile https://t.co/kxqyoHLiYT",then when i get service there s this @att @verizon @tmobile,,,
317,att verizon tmobile,neu,0,"@TMobile üôè when will install cell tower in my account neighbor, ATT installing second tower and Verizon has stronge‚Ä¶ https://t.co/8oFEHfkT2w",@tmobile when will install cell tower in my account neighbor att installing second tower and verizon has stronge,,,
318,att verizon tmobile,pos,0.5,@JohnLegere @ATT @TMobile @ATT is committed to mostly Money.  News flash @Verizon and @ATT keep your customers if y‚Ä¶ https://t.co/Tuv0Kvm7pN,@att @tmobile @att is committed to mostly money news flash @verizon and @att keep your customers if y,,,
319,att verizon tmobile,neu,0,@att @verizon Come on @ATT!  You can do this!  What will the competition @Verizon @TMobile  think?,@att @verizon come on @att you can do this what will the competition @verizon @tmobile think,,,
320,att verizon tmobile,pos,0.277777778,@therealmikedean @ATT @TMobile all the way. Verizon‚Äôs the best but they be on the same bs ATT do half the time,@att @tmobile all the way verizon s the best but they be on the same bs att do half the time,,,
321,att verizon tmobile,pos,0.8,@_SuckaFreeO @_Blackbo7 @verizon @TMobile @ATT @sprint Ion see nothing lol up there,@verizon @tmobile @att ion see nothing lol up there,,,
322,att verizon tmobile,neu,0,"@laurashin @sprint @ATT @TMobile @verizon Hope u get your number back. On thw side note, these mobile communication‚Ä¶ https://t.co/BV83cnZngq",@att @tmobile @verizon hope u get your number back on thw side note these mobile communication,,,
323,att verizon tmobile,neu,0,"@telnyx @TelnyxNOC There is an issue with @verizon and @att and @TMobile  trying to reach Telnyx numbers. 

Message‚Ä¶ https://t.co/1l6CkGpSj1",there is an issue with @verizon and @att and @tmobile trying to reach telnyx numbers message,,,
324,att verizon tmobile,pos,0.136363636,"@TMobile @verizon @ATT The Hipsher/Dolan/Pietri household is looking to add 4 new lines of service, @sprint pretty‚Ä¶ https://t.co/vmf1pz7Wm5",@tmobile @verizon @att the hipsher dolan pietri household is looking to add new lines of service pretty,,,
325,att verizon tmobile,neg,-0.4,"well @verizon, you‚Äôre officially behind @ATT &amp; @TMobile when it comes to #customerservice. 2 of my friends have rec‚Ä¶ https://t.co/6glwpuqA9K",well @verizon you re officially behind @att @tmobile when it comes to of my friends have rec,,,
326,att verizon tmobile,neu,0,@Alisa_Locke @ATT @verizon @sprint @TMobile @ATTHelp I hear you. I‚Äôm a home health nurse and can‚Äôt get to the phone‚Ä¶ https://t.co/yG32bRGfc1,@att @verizon @tmobile @atthelp i hear you i m a home health nurse and can t get to the phone,,,
327,att verizon tmobile,neg,-0.5,@laurashin @sprint @ATT @TMobile @verizon Sorry this happened. I look forward to your postmortem.,@att @tmobile @verizon sorry this happened i look forward to your postmortem,,,
328,att verizon tmobile,neg,-0.1,"@laurashin @sprint @ATT @TMobile @verizon Use to work for a call center, wont say which carrier but there is no dep‚Ä¶ https://t.co/Yz8MjH0dev",@att @tmobile @verizon use to work for a call center wont say which carrier but there is no dep,,,
329,att verizon tmobile,neu,0,@JRosenworcel @Comm_Daily @Apple should buy and run  @verizon @ATT @TMobile @sprint,should buy and run @verizon @att @tmobile,,,
330,att verizon tmobile,pos,0.5,@ATT @ATT I hope it was worth it.  @Verizon @sprint @tmobile whats good?,@att @att i hope it was worth it @verizon @tmobile whats good,,,
331,att verizon tmobile,pos,0.4,The #pixel4 will be available on @verizon @ATT @TMobile @sprint  #spectrum #xfrinity https://t.co/AeAofI364i,the will be available on @verizon @att @tmobile,,,
332,att verizon tmobile,pos,0.06,@judytoxic @TMobile @verizon I left the Big Red Devil a few year ago for @ATT and absolutely love them. Saving mone‚Ä¶ https://t.co/hA36Wv0utk,@tmobile @verizon i left the big red devil a few year ago for @att and absolutely love them saving mone,,,
333,att verizon tmobile,neu,0,@DrHorwitz @MichelCombes @FCC @TMobile @verizon @ATT @StateFairOfTX Sprint HQ is in my city and I will never ever u‚Ä¶ https://t.co/Sz7XHvPYue,@tmobile @verizon @att sprint hq is in my city and i will never ever u,,,
334,att verizon tmobile,pos,0.416666667,@laurashin @sprint @ATT @TMobile @verizon I strongly suggest switching your operator to @googlefi with Advanced Pro‚Ä¶ https://t.co/SxYjl1SGpe,@att @tmobile @verizon i strongly suggest switching your operator to with advanced pro,,,
335,att verizon tmobile,pos,0.03125,@JohnLegere @TMobile all major corporations and employers uses perkspot for employee discount. Only ATT and Verizon‚Ä¶ https://t.co/FbAO7bbiso,@tmobile all major corporations and employers uses perkspot for employee discount only att and verizon,,,
336,att verizon tmobile,neu,0,@laurashin @sprint @ATT @TMobile @verizon What carrier do you have? I‚Äôve only seen people have sprint who‚Äôve had this happen to them.,@att @tmobile @verizon what carrier do you have i ve only seen people have sprint who ve had this happen to them,,,
337,att verizon tmobile,neu,0,@punditpending @ATT @verizon @TMobile Do you have a phone number for the office of the president?,@att @verizon @tmobile do you have a phone number for the office of the president,,,
338,att verizon tmobile,pos,0.2,@WandaRh12033309 @stetsdogg @verizon @ATT @sprint @TMobile @Visible @WingTel_ @MetroByTMobile A friend wants you to‚Ä¶ https://t.co/e8ztROrTKu,@verizon @att @tmobile @metrobytmobile a friend wants you to,,,
339,att verizon tmobile,neu,0,"@ATT , what are you going to do about Zucker and @CNN ? Do we have to switch to @verizon , @sprint or @TMobile to g‚Ä¶ https://t.co/HKlHXhwMCx",@att what are you going to do about zucker and do we have to switch to @verizon or @tmobile to g,,,
340,att verizon tmobile,pos,0.208333333,@TMobileHelp any eta on when you‚Äôll have service back in 95945? Verizon and att are working fine. Support said you‚Ä¶ https://t.co/VdIcBPkZAz,@tmobilehelp any eta on when you ll have service back in verizon and att are working fine support said you,,,
341,att verizon tmobile,pos,0.625,@TMobile @chad_bolt @ATT @verizon Love it!,@tmobile @att @verizon love it,,,
342,att verizon tmobile,neg,-0.8,"@anklep2 @ATT Alex, if Tmobile Service in your area is inadequate, consider Verizon. I would just hate to see anyon‚Ä¶ https://t.co/G1DQNMMvou",@att alex if tmobile service in your area is inadequate consider verizon i would just hate to see anyon,,,
343,att verizon tmobile,neg,-0.7,"@att has the crapiest service out there... sprint and verizon are just as fucking bad.. smh

Tmobile all the fuckin‚Ä¶ https://t.co/zyNJyhZFJU",@att has the crapiest service out there sprint and verizon are just as fucking bad smh tmobile all the fuckin,,,
344,att verizon tmobile,neu,0,"RT @GSMA: In 30 mins, #ZenKey will be participating at the #identity seminar to explain how @ATT, @sprint, @TMobile and @verizon have joine‚Ä¶",rt in mins will be participating at the seminar to explain how @att @tmobile and @verizon have joine,,,
345,att verizon tmobile,neu,0,RT @GalaxyWurld: Samsung Galaxy S9+ SM-G965 - 64GB - Coral Blue ATT TMobile Verizon Sprint https://t.co/kiF06DVO1C,rt samsung galaxy coral blue att tmobile verizon sprint,,,
346,att verizon tmobile,neu,0,@blind_furay @perfectsin77 @JohnLegere @ATT @verizon @Trash @TMobile no power and no cell connectivity (and no eta)‚Ä¶ https://t.co/IqlIkZlql1,@att @verizon @tmobile no power and no cell connectivity and no eta,,,
347,att verizon tmobile,neu,0,"RT @The_Reed_: @telnyx @TelnyxNOC There is an issue with @verizon and @att and @TMobile  trying to reach Telnyx numbers. 

Message is ""All‚Ä¶",rt there is an issue with @verizon and @att and @tmobile trying to reach telnyx numbers message is all,,,
348,att verizon tmobile,pos,0.5,"@ericbarger @zorinaq @laurashin @sprint @ATT @TMobile @verizon @googlefi Ah okay that's what you meant. 

Well if i‚Ä¶ https://t.co/WWWVbHmq9p",@att @tmobile @verizon ah okay what you meant well if i,,,
349,att verizon tmobile,neu,0,Hey @Samsung @Microsoft @Apple @CocaColaCo @pepsi @ATT  @sprint @TMobile @Google @verizon @amazon @Visa @Mastercard‚Ä¶ https://t.co/xtI8Wg6EjR,hey @att @tmobile @verizon,,,